<?xml version="1.0" encoding="UTF-8"?>
<mappings xmlns="http://dozer.sourceforge.net" xmlns:xsi="http://www.w3.org/2001/XMLSchema-instance"
	xsi:schemaLocation="http://dozer.sourceforge.net
          http://dozer.sourceforge.net/schema/beanmapping.xsd">
	<configuration>
		<custom-converters>
			<converter
				type="es.server.java.torres_oeste.service.converter.datatype.DozerConverterBlowString">
				<class-a>java.sql.Blob</class-a>
				<class-b>java.lang.String</class-b>
			</converter>
		</custom-converters>
	</configuration>


</mappings>